
{
    "ghosts": [3, 3, 1], 
    "shape": [64, 64, 1], 
    "size": [6.283185307179586, 6.283185307179586, 1], 
    "rw_delemiter": 4000,
    "end_time": 300.0,
    "start_step": 0,
    "model": "DNS",
    "initials": "OT",

    "RHO0": 0.1,
    "U0": 0.1,
    "B0": 0.1,

    "Re": 10.0,
    "Rem": 10.0,
    "nu_0": 1.0,
    "delta_hall": 1.0,
    "Ma": 10.1,
    "Ms": 0.1,
    "gamma": 1.4,

    "ideal": false,
    "hall": false,
    "CFL": 0.1
}
        
